ra,dec,run,rerun,camCol,field,obj
168.36649072,-0.90264257,756,44,1,351,204
170.20414959,0.45925919,6793,40,5,64,51
169.18057023,-0.21330898,6793,40,3,57,46
